id,ids,standard_customer,deduction_reference,invoice_number,deducted_amount,deducted_qty,deducted_price_per_qty,deduction_date,deduction_reason,billed_qty,gross_price_per_qty,net_price_per_qty,carrier,shortage,damage,returns,overage,net_shortage,customer_sign,carrier_sign,subject_to_count,missing_data,no_shortage_in_pod,invalid_amt_1,partial_shortage_in_pod,invalid_amt_2,deducted_sku_is_not_invoiced,invalid_amt_3,pricing_variance,invalid_amt_4,validation_status,invalid_amount,valid_amount,invalid_reason,product_substitution,combined_shipment,order_split,load_sequencing,unit_of_measurement,deducted_at_higher_price,billback_date,billback_id,customer_response,final_status,repayment_amount,repayment_reference,billback_package
9402,,Amerisource,1401111501,9110710207,58763,98,527.42,2023-02-01,OSD,427,553.98,553.98,SCHNEIDER NATIONAL,0,0,0,0,0,Yes,Yes,Yes,,Invalid,,Valid,,Valid,,Valid,,Pending Validation,49212.5,0,POD is subject to count,Data not available,Data not available,Data not available,Data not available,Data not available,Data not available,,,,,,,NoFile.zip
9403,,Owens & Minors,9111345605,9111345605,31882,59,1204.58,2023-06-29,OSD,59,320.73,320.73,XPO Logistics LTL,0,0,0,0,0,Yes,Yes,Yes,,Invalid,,Valid,,Valid,,Valid,,Pending Validation,0,0,POD is subject to count,Data not available,Data not available,Data not available,Data not available,Data not available,Data not available,,,,,,,NoFile.zip
9404,,Amerisource,1401195686,9111555340,2618.62,30,665.84,2023-08-23,OSD,30,665.84,665.84,RXO INC,0,0,0,0,0,Yes,Yes,No,,Invalid,,Valid,,Valid,,Valid,,Invalid,19975.2,0,POD does not support shortages,Data not available,Data not available,Data not available,Data not available,Data not available,Data not available,,,,,,,/media/billback_packages\billback_package_9111555340.zip
9405,,Mckesson,1401106812,9110251359,36811.1,71,326.21,2023-03-07,OSD,104,326.21,326.21,PITT OHIO EXPRESS,0,0,0,0,0,Yes,Yes,Yes,,Invalid,,Valid,,Valid,,Valid,,Pending Validation,36012.14,0,POD is subject to count,Data not available,Data not available,Data not available,Data not available,Data not available,Data not available,,,,,,,NoFile.zip
9406,,Mckesson,1401239350,9110673025,2416,7,250.75,2023-12-11,OSD,7,250.75,250.75,ROADTEX TRANSPORTATION,0,0,0,0,0,Yes,Yes,No,,Invalid,,Valid,,Valid,,Valid,,Invalid,2416.5,0,POD does not support shortages,Data not available,Data not available,Data not available,Data not available,Data not available,Data not available,,,,,,,/media/billback_packages\billback_package_9110673025.zip
9407,,Fisher  ,9111877475,9111877475,1710,2,855,2023-12-12,OSD,3,855,855,AVERITT EXPRESS INC,0,0,0,0,0,Yes,No,No,,Invalid,,Valid,,Valid,,Valid,,Pending Validation,0,0,Carrier sign is missing on POD,Data not available,Data not available,Data not available,Data not available,Data not available,Data not available,,,,,,,NoFile.zip
9408,,Amerisource,1401123647,9110980101,3072.79,20,174.65,2023-03-24,OSD,27,174.65,174.65,ROADTEX TRANSPORTATION,20,0,0,0,20,Yes,Yes,No,,Valid,,Valid,,Valid,,Valid,,Valid,0,2815.4,Valid,Data not available,Data not available,Data not available,Data not available,Data not available,Data not available,,,,,,,NoFile.zip
9409,,Amerisource,1401181630,9111401125,6073.37,147,42.51,2023-07-20,OSD,244,510.09,510.09,XPO Logistics LTL,0,0,0,0,0,Yes,Yes,Yes,,Invalid,,Valid,,Valid,,Valid,,Pending Validation,2207.31,0,POD is subject to count,Data not available,Data not available,Data not available,Data not available,Data not available,Data not available,,,,,,,NoFile.zip
9410,,Fisher  ,9111918390,9111918390,1247.65,2,623.82,2023-11-15,OSD,9,623.82,623.82,RXO INC,0,0,0,0,0,No,Yes,No,,Invalid,,Valid,,Valid,,Valid,,Pending Validation,0,0,Customer sign is missing on POD,Data not available,Data not available,Data not available,Data not available,Data not available,Data not available,,,,,,,NoFile.zip
9411,,Fisher,9111382640,9111382640,1050,1,1050,2023-10-11,OSD,24,1050,1050, ESTES EXPRRESS LINES,0,0,0,0,0,Yes,Yes,Yes,,Invalid,,Valid,,Valid,,Valid,,Pending Validation,0,0,POD is subject to count,Data not available,Data not available,Data not available,Data not available,Data not available,Data not available,,,,,,,NoFile.zip
9412,,Amerisource,1401187918,9111374559,3929.85,6,666.82,2023-08-04,OSD,22,666.82,666.82,FED EX FREIGHT EAST,0,0,0,0,0,Yes,Yes,No,,Invalid,,Valid,,Valid,,Valid,,Invalid,3997,0,POD does not support shortages,Data not available,Data not available,Data not available,Data not available,Data not available,Data not available,,,,,,,/media/billback_packages\billback_package_9111374559.zip
9413,,Amerisource,1401149856,9111135793,35105,59,595,2023-05-03,OSD,59,595,595,AVERITT EXPRESS INC,0,0,0,0,0,Yes,Yes,No,,Invalid,,Valid,,Valid,,Valid,,Invalid,35105,0,POD does not support shortages,Data not available,Data not available,Data not available,Data not available,Data not available,Data not available,,,,,,,/media/billback_packages\billback_package_9111135793.zip
9414,,Mckesson,9111665552,9111665552,22072.38,58,389.9,2023-10-10,OSD,58,389.9,389.9,ROADTEX TRANSPORTATION,0,0,0,0,0,No,Yes,No,,Invalid,,Valid,,Valid,,Valid,,Pending Validation,0,0,Customer sign is missing on POD,Data not available,Data not available,Data not available,Data not available,Data not available,Data not available,,,,,,,NoFile.zip
9415,,Mckesson,1401125795,9110886677,6844.96,32,319.79,2023-03-07,OSD,32,319.79,319.79,ESTES EXPRRESS LINES,0,0,0,0,0,Yes,Yes,No,,Invalid,,Valid,,Valid,,Valid,,Invalid,6634.12,0,POD does not support shortages,Data not available,Data not available,Data not available,Data not available,Data not available,Data not available,,,,,,,/media/billback_packages\billback_package_9110886677.zip
9416,,Fisher,9111630198,9111630198,21126.4,81,368.03,2023-10-17,OSD,163,368.03,368.03,ESTES EXPRRESS LINES,0,0,0,0,0,Yes,Yes,Yes,,Invalid,,Valid,,Valid,,Valid,,Pending Validation,471.98,0,POD is subject to count,Data not available,Data not available,Data not available,Data not available,Data not available,Data not available,,,,,,,NoFile.zip
9417,,Mckesson,1401249145,9112128362,642.66,25,64.79,2024-01-16,OSD,25,64.79,64.79,FEDEX SUPPLYCHAIN SYSTEMS INC,0,0,0,0,0,Yes,Yes,No,,Invalid,,Valid,,Valid,,Valid,,Invalid,1107.01,0,POD does not support shortages,Data not available,Data not available,Data not available,Data not available,Data not available,Data not available,,,,,,,/media/billback_packages\billback_package_9112128362.zip
9418,,Amerisource,1401138448,9111035646,23795.9,450,341.25,2023-04-06,OSD,93,630,630,PITT OHIO EXPRESS,0,0,0,0,0,Yes,Yes,No,,Invalid,,Valid,,Valid,,Valid,,Invalid,24202.5,0,POD does not support shortages,Data not available,Data not available,Data not available,Data not available,Data not available,Data not available,,,,,,,/media/billback_packages\billback_package_9111035646.zip
9419,,Amerisource,9111792254,9111792254,20301.37,45,384.59,2023-10-25,OSD,45,384.59,384.59,XPO Logistics LTL,0,0,0,0,0,Yes,Yes,Yes,,Invalid,,Valid,,Valid,,Valid,,Pending Validation,0,0,POD is subject to count,Data not available,Data not available,Data not available,Data not available,Data not available,Data not available,,,,,,,NoFile.zip
9420,,Amerisource,1401146899,9111116862,7526.44,37,212.64,2023-04-26,OSD,113,212.64,212.64,C H ROBINSON WORLDWIDE,0,0,0,0,0,No,Yes,No,,Invalid,,Valid,,Valid,,Valid,,Pending Validation,0,0,Customer sign is missing on POD,Data not available,Data not available,Data not available,Data not available,Data not available,Data not available,,,,,,,NoFile.zip
9421,,Amerisource,9111681718,9111681718,14664.43,19,605.42,2023-09-25,OSD,19,621.67,621.67,FED EX FREIGHT EAST,0,0,0,0,0,Yes,Yes,Yes,,Invalid,,Valid,,Valid,,Valid,,Pending Validation,0,0,POD is subject to count,Data not available,Data not available,Data not available,Data not available,Data not available,Data not available,,,,,,,NoFile.zip
9422,,Amerisource,9111631290,9111631290,10662.45,51,212.64,2023-09-11,OSD,116,212.64,212.64,PITT OHIO EXPRESS,0,0,0,0,0,Yes,Yes,Yes,,Invalid,,Valid,,Valid,,Valid,,Pending Validation,212.64,0,POD is subject to count,Data not available,Data not available,Data not available,Data not available,Data not available,Data not available,,,,,,,NoFile.zip
9423,,Amerisource,1401114398,9110703805,10499.32,17,628.16,2023-02-08,OSD,40,628.16,628.16,C H ROBINSON WORLDWIDE,0,0,0,0,0,Yes,Yes,Yes,,Invalid,,Valid,,Valid,,Valid,,Pending Validation,0,0,POD is subject to count,Data not available,Data not available,Data not available,Data not available,Data not available,Data not available,,,,,,,NoFile.zip
9424,,Amerisource,1401099940,9110655761,7526.44,36,212.64,2023-01-04,OSD,132,212.64,212.64,CAROLINA TANK LINES,0,0,0,0,0,Yes,Yes,No,,Invalid,,Valid,,Valid,,Valid,,Invalid,7655.04,0,POD does not support shortages,Data not available,Data not available,Data not available,Data not available,Data not available,Data not available,,,,,,,/media/billback_packages\billback_package_9110655761.zip
9425,,Amerisource,1401129043,9110940504,6498.56,60,110.16,2023-03-15,OSD,120,110.16,110.16,FEDEX CORP,0,0,0,0,0,Yes,Yes,No,,Invalid,,Valid,,Valid,,Valid,,Invalid,6609.6,0,POD does not support shortages,Data not available,Data not available,Data not available,Data not available,Data not available,Data not available,,,,,,,/media/billback_packages\billback_package_9110940504.zip
9426,,Fisher,9112000934,9112000934,5517.58,8,700.2,2023-12-14,OSD,8,700.2,700.2, C H ROBINSON WORLDWIDE,8,0,0,0,0,No,Yes,Yes,,Invalid,,Valid,,Valid,,Valid,,Pending Validation,0,0,Customer sign is missing on POD,Data not available,Data not available,Data not available,Data not available,Data not available,Data not available,,,,,,,NoFile.zip
9427,,Amerisource,1401101406,9110677622,3716.5,6,630,2023-01-09,OSD,41,630,630,C H ROBINSON WORLDWIDE,0,0,0,0,0,Yes,Yes,No,,Invalid,,Valid,,Valid,,Valid,,Invalid,3780,0,POD does not support shortages,Data not available,Data not available,Data not available,Data not available,Data not available,Data not available,,,,,,,/media/billback_packages\billback_package_9110677622.zip
9428,,Amerisource,1401184760,9111468359,3590.49,288,12.68,2023-07-27,OSD,288,12.68,12.68,FEDEX,0,0,0,0,0,Yes,Yes,Yes,,Invalid,,Valid,,Valid,,Valid,,Pending Validation,0,0,POD is subject to count,Data not available,Data not available,Data not available,Data not available,Data not available,Data not available,,,,,,,NoFile.zip
9429,,Amerisource,1401178320,9111337432,3164.24,51,53.16,2023-07-12,OSD,53,425.58,425.58,ABF FREIGHT SYSTEM INC,0,0,0,0,0,No,No,No,,Invalid,,Valid,,Valid,,Valid,,Pending Validation,0,0,Customer sign is missing on POD,Data not available,Data not available,Data not available,Data not available,Data not available,Data not available,,,,,,,NoFile.zip
9430,,Amerisource,1401118430,9110833241,3038.38,36,84.07,2023-02-17,OSD,106,84.07,84.07,ROADTEX TRANSPORTATION,0,0,0,0,0,Yes,Yes,Yes,,Invalid,,Valid,,Valid,,Valid,,Pending Validation,2259.9,0,POD is subject to count,Data not available,Data not available,Data not available,Data not available,Data not available,Data not available,,,,,,,NoFile.zip
9431,,Amerisource,1401160879,9111254527,3004.66,20,152.8,2023-05-30,OSD,24,152.8,152.8,0,20,0,0,0,20,Yes,Yes,No,,Valid,,Valid,,Valid,,Valid,,Valid,0,3056,Valid,Data not available,Data not available,Data not available,Data not available,Data not available,Data not available,,,,,,,NoFile.zip
9432,,Amerisource,9111792252,9111792252,2972.02,194,20.02,2023-10-25,OSD,38,157.61,157.61,XPO Logistics LTL,0,0,0,0,0,Yes,Yes,Yes,,Invalid,,Valid,,Valid,,Valid,,Pending Validation,0,0,POD is subject to count,Data not available,Data not available,Data not available,Data not available,Data not available,Data not available,,,,,,,NoFile.zip
9433,,Amerisource,1401152958,9111135787,2925.02,5,595,2023-05-10,OSD,0,0,0,,5,0,0,0,5,Yes,Yes,No,,Valid,,Valid,,Invalid,,SKU is not Invoiced,,Invalid,2975,0,Deducted SKU is not invoiced,Data not available,Data not available,Data not available,Data not available,Data not available,Data not available,,,,,,,/media/billback_packages\billback_package_9111135787.zip
9434,,Amerisource,1401198938,9111594947,2626.32,48,55.65,2023-08-31,OSD,4,667.8,667.8,PITT OHIO EXPRESS,0,0,0,0,0,No,Yes,No,,Invalid,,Valid,,Valid,,Valid,,Pending Validation,0,0,Customer sign is missing on POD,Data not available,Data not available,Data not available,Data not available,Data not available,Data not available,,,,,,,NoFile.zip
9435,,Amerisource,9111452444,9111452444,2626.32,4,667.8,2023-07-24,OSD,274,667.8,667.8,XPO Logistics LTL,0,0,0,0,0,Yes,Yes,Yes,,Invalid,,Valid,,Valid,,Valid,,Pending Validation,0,0,POD is subject to count,Data not available,Data not available,Data not available,Data not available,Data not available,Data not available,,,,,,,NoFile.zip
9436,,Fisher  ,1401242073,9111869713,2923.48,16,185.5,2023-12-18,OSD,43,185.5,185.5,PANTHER II TRANSPORTATION INC,0,0,0,0,0,Yes,Yes,No,,Invalid,,Valid,,Valid,,Valid,,Invalid,2968,0,POD does not support shortages,Data not available,Data not available,Data not available,Data not available,Data not available,Data not available,,,,,,,/media/billback_packages\billback_package_9111869713.zip
9437,,Fisher,9111984202,9111984202,2839.85,11,262.1,2023-12-14,OSD,32,262.1,262.1, DAYBREAK EXPRESS INC,0,0,0,0,0,Yes,Yes,Yes,,Invalid,,Valid,,Valid,,Valid,,Pending Validation,0,0,POD is subject to count,Data not available,Data not available,Data not available,Data not available,Data not available,Data not available,,,,,,,NoFile.zip
9438,,Amerisource,9110850537,9110850537,2529.58,8,321.6,2023-02-22,OSD,18,321.6,321.6,CAROLINA TANK LINES,0,0,0,0,0,Yes,Yes,No,,Invalid,,Valid,,Valid,,Valid,,Invalid,2572.8,0,POD does not support shortages,Data not available,Data not available,Data not available,Data not available,Data not available,Data not available,,,,,,,/media/billback_packages\billback_package_9110850537.zip
9439,,Amerisource,9110688171,9110688171,2477.66,4,630,2023-01-11,OSD,59,630,630,AVERITT EXPRESS INC,0,0,0,0,0,Yes,No,No,,Invalid,,Valid,,Valid,,Valid,,Pending Validation,0,0,Carrier sign is missing on POD,Data not available,Data not available,Data not available,Data not available,Data not available,Data not available,,,,,,,NoFile.zip
9440,,Amerisource,9111441226,9111441226,2332.21,5,506.64,2023-10-05,OSD,40,284.04,284.04,PITT OHIO EXPRESS,0,0,0,0,0,Yes,Yes,Yes,,Valid,,Valid,,Valid,,Valid,,Pending Validation,0,0,POD is subject to count,Data not available,Data not available,Data not available,Data not available,Data not available,Data not available,,,,,,,NoFile.zip
9441,,Amerisource,9111681720,9111681720,2305.01,10,226.84,2023-09-25,OSD,7,136.84,136.84,FED EX FREIGHT EAST,0,0,0,0,0,Yes,Yes,Yes,,Valid,,Valid,,Valid,,Valid,,Pending Validation,0,0,POD is subject to count,Data not available,Data not available,Data not available,Data not available,Data not available,Data not available,,,,,,,NoFile.zip
9442,,Amerisource,1401142768,9111075990,1858.25,3,630,2023-04-17,OSD,58,630,630,FEDEX CORP,0,0,0,0,0,Yes,Yes,No,,Invalid,,Valid,,Valid,,Valid,,Invalid,1890,0,POD does not support shortages,Data not available,Data not available,Data not available,Data not available,Data not available,Data not available,,,,,,,/media/billback_packages\billback_package_9111075990.zip
9443,,Amerisource,1401150372,9111155282,1858.25,3,630,2023-05-04,OSD,95,630,630,PITT OHIO EXPRESS,0,0,0,0,0,Yes,Yes,No,,Invalid,,Valid,,Valid,,Valid,,Invalid,1890,0,POD does not support shortages,Data not available,Data not available,Data not available,Data not available,Data not available,Data not available,,,,,,,/media/billback_packages\billback_package_9111155282.zip
9444,,Amerisource,1401157882,9111215977,1709.78,50,34.78,2023-05-22,OSD,24,173.9,173.9,C H ROBINSON WORLDWIDE,0,0,0,0,0,Yes,Yes,No,,Invalid,,Valid,,Valid,,Valid,,Invalid,1739,0,POD does not support shortages,Data not available,Data not available,Data not available,Data not available,Data not available,Data not available,,,,,,,/media/billback_packages\billback_package_9111215977.zip
9445,,Amerisource,9111612709,9111612709,1449.87,8,184.33,2023-09-07,OSD,8,184.33,184.33,C H ROBINSON WORLDWIDE,0,0,0,0,0,Yes,Yes,No,,Invalid,,Valid,,Valid,,Valid,,Invalid,1474.64,0,POD does not support shortages,Data not available,Data not available,Data not available,Data not available,Data not available,Data not available,,,,,,,/media/billback_packages\billback_package_9111612709.zip
9446,,Amerisource,1401179670,9111424111,1313.16,24,55.65,2023-07-17,OSD,23,667.8,667.8,RXO INC,0,0,0,0,0,Yes,Yes,No,,Invalid,,Valid,,Valid,,Valid,,Invalid,1335.6,0,POD does not support shortages,Data not available,Data not available,Data not available,Data not available,Data not available,Data not available,,,,,,,/media/billback_packages\billback_package_9111424111.zip
9447,,Fisher,9111944434,9111944434,1467.87,9,165.58,2023-11-22,OSD,9,165.58,165.58, FED EX FREIGHT EAST,0,0,0,0,0,Yes,Yes,No,,Invalid,,Valid,,Valid,,Valid,,Invalid,1490.22,0,POD does not support shortages,Data not available,Data not available,Data not available,Data not available,Data not available,Data not available,,,,,,,/media/billback_packages\billback_package_9111944434.zip
9448,,Amerisource,1401146899,9111069238,1238.83,24,52.5,2023-04-26,OSD,0,0,0,,0,0,0,0,0,Yes,Yes,Yes,,Valid,,Valid,,Invalid,,SKU is not Invoiced,,Pending Validation,0,0,POD is subject to count,Data not available,Data not available,Data not available,Data not available,Data not available,Data not available,,,,,,,NoFile.zip
9449,,Amerisource,1401179670,9111424438,1019.05,3,426.06,2023-07-17,OSD,30,426.06,426.06,C H ROBINSON WORLDWIDE,0,0,0,0,0,Yes,Yes,No,,Invalid,,Valid,,Valid,,Valid,,Invalid,1036.46,0,POD does not support shortages,Data not available,Data not available,Data not available,Data not available,Data not available,Data not available,,,,,,,/media/billback_packages\billback_package_9111424438.zip
9450,,Fisher  ,9111522511,9111522511,1032.68,4,262.1,2023-08-22,OSD,11,262.1,262.1,NFI INDUSTRIES,0,0,0,0,0,Yes,Yes,No,,Invalid,,Valid,,Valid,,Valid,,Invalid,1048.4,0,POD does not support shortages,Data not available,Data not available,Data not available,Data not available,Data not available,Data not available,,,,,,,/media/billback_packages\billback_package_9111522511.zip
9451,,Mckesson,1401162833,9111241862,1486.72,14,323.68,2023-06-02,OSD,40,323.68,323.68,ESTES EXPRRESS LINES,0,0,0,0,0,Yes,No,No,,Invalid,,Valid,,Valid,,Valid,,Pending Validation,0,0,Carrier sign is missing on POD,Data not available,Data not available,Data not available,Data not available,Data not available,Data not available,,,,,,,NoFile.zip
9452,,Mckesson,1401100379,9110630108,1378.8,36,38.3,2023-01-04,OSD,4,383,383,FEDEX CORP,0,0,0,0,0,No,No,No,,Invalid,,Valid,,Valid,,Valid,,Pending Validation,0,0,Customer sign is missing on POD,Data not available,Data not available,Data not available,Data not available,Data not available,Data not available,,,,,,,NoFile.zip
9453,,Mckesson,1401100379,9110630109,1378.8,36,38.3,2023-01-04,OSD,4,383,383,FEDEX CORP,0,0,0,0,0,No,No,No,,Invalid,,Valid,,Valid,,Valid,,Pending Validation,0,0,Customer sign is missing on POD,Data not available,Data not available,Data not available,Data not available,Data not available,Data not available,,,,,,,NoFile.zip
9454,,Mckesson,1401155399,9111180901,1260,2,630,2023-05-16,OSD,23,630,630,ESTES EXPRRESS LINES,0,0,0,0,0,Yes,No,No,,Invalid,,Valid,,Valid,,Valid,,Pending Validation,0,0,Carrier sign is missing on POD,Data not available,Data not available,Data not available,Data not available,Data not available,Data not available,,,,,,,NoFile.zip
9455,,Fisher  ,9111117470,9111117470,1200,12,100,2023-05-30,OSD,12,100,100,CAROLINA TANK LINES,0,0,0,0,0,Yes,Yes,No,,Invalid,,Valid,,Valid,,Valid,,Invalid,1200,0,POD does not support shortages,Data not available,Data not available,Data not available,Data not available,Data not available,Data not available,,,,,,,/media/billback_packages\billback_package_9111117470.zip
9456,,Mckesson,1401141026,9110637194,1034.1,27,38.3,2023-04-11,OSD,3,383,383,FEDEX CORP,0,0,0,0,0,No,No,No,,Invalid,,Valid,,Valid,,Valid,,Pending Validation,0,0,Customer sign is missing on POD,Data not available,Data not available,Data not available,Data not available,Data not available,Data not available,,,,,,,NoFile.zip
9457,,Mckesson,1401216306,9111723040,5342.4,8,667.8,2023-10-13,OSD,10,667.8,667.8,DOHRN,0,0,0,0,0,No,Yes,No,,Invalid,,Valid,,Valid,,Valid,,Pending Validation,0,0,Customer sign is missing on POD,Data not available,Data not available,Data not available,Data not available,Data not available,Data not available,,,,,,,NoFile.zip
9458,,Mckesson,1401236306,9112005397,3420,1,3420,2023-12-04,OSD,24,3420,3420,RXO CAPACITY SOLUTIONS LLC,0,0,0,0,0,Yes,Yes,No,,Invalid,,Valid,,Valid,,Valid,,Invalid,3420,0,POD does not support shortages,Data not available,Data not available,Data not available,Data not available,Data not available,Data not available,,,,,,,/media/billback_packages\billback_package_9112005397.zip
9459,,Mckesson,1401250414,9112150911,3381.4,53,69.08,2024-01-11,OSD,53,69.08,69.08,FED EX FREIGHT EAST,0,0,0,0,0,Yes,No,No,,Invalid,,Valid,,Valid,,Valid,,Pending Validation,0,0,Carrier sign is missing on POD,Data not available,Data not available,Data not available,Data not available,Data not available,Data not available,,,,,,,NoFile.zip
9460,,Mckesson,1401251507,9112156325,3355.32,12,245.45,2024-01-16,OSD,12,245.45,245.45,ROADTEX TRANSPORTATION,0,0,0,0,0,Yes,Yes,No,,Invalid,,Valid,,Valid,,Valid,,Invalid,3355.32,0,POD does not support shortages,Data not available,Data not available,Data not available,Data not available,Data not available,Data not available,,,,,,,/media/billback_packages\billback_package_9112156325.zip
9461,,Mckesson,1401238657,9111576496,3317.94,18,184.33,2023-12-08,OSD,18,184.33,184.33,CAROLINA TANK LINES,0,0,0,0,0,Yes,Yes,Yes,,Invalid,,Valid,,Valid,,Valid,,Pending Validation,0,0,POD is subject to count,Data not available,Data not available,Data not available,Data not available,Data not available,Data not available,,,,,,,NoFile.zip
9462,,Mckesson,1401236306,9112008151,3300,11,300,2023-12-04,OSD,12,300,300,FEDEX CORP,0,0,0,0,0,No,No,No,,Invalid,,Valid,,Valid,,Valid,,Pending Validation,0,0,Customer sign is missing on POD,Data not available,Data not available,Data not available,Data not available,Data not available,Data not available,,,,,,,NoFile.zip
9463,,Mckesson,1401239184,9112037565,3135,11,285,2023-12-11,OSD,12,285,285,FEDEX CORP,0,0,0,0,0,No,No,No,,Invalid,,Valid,,Valid,,Valid,,Pending Validation,0,0,Customer sign is missing on POD,Data not available,Data not available,Data not available,Data not available,Data not available,Data not available,,,,,,,NoFile.zip
9464,,Mckesson,1600574760,9111195763,2976.96,14,212.64,2023-08-14,OSD,14,212.64,212.64,TOTAL QUALITY LOGISTICS LLC,0,0,0,0,0,Yes,Yes,Yes,,Invalid,,Valid,,Valid,,Valid,,Pending Validation,0,0,POD is subject to count,Data not available,Data not available,Data not available,Data not available,Data not available,Data not available,,,,,,,NoFile.zip
9465,,Mckesson,1600574760,9111279253,2551.68,12,212.64,2023-08-14,OSD,12,212.64,212.64,C H ROBINSON WORLDWIDE,0,0,0,0,0,Yes,Yes,No,,Invalid,,Valid,,Valid,,Valid,,Invalid,2551.68,0,POD does not support shortages,Data not available,Data not available,Data not available,Data not available,Data not available,Data not available,,,,,,,/media/billback_packages\billback_package_9111279253.zip
9466,,Mckesson,1401239858,9111989897,2536.8,7,362.4,2023-12-12,OSD,7,362.4,362.4,NATIONAL FREIGHT INC,0,0,0,0,0,Yes,Yes,No,,Invalid,,Valid,,Valid,,Valid,,Invalid,2536.8,0,POD does not support shortages,Data not available,Data not available,Data not available,Data not available,Data not available,Data not available,,,,,,,/media/billback_packages\billback_package_9111989897.zip
9467,,Mckesson,1401226593,9111831712,2334.48,6,396.6,2023-11-07,OSD,11,396.6,396.6,FEDEX CORP,0,0,0,0,0,No,No,No,,Invalid,,Valid,,Valid,,Valid,,Pending Validation,0,0,Customer sign is missing on POD,Data not available,Data not available,Data not available,Data not available,Data not available,Data not available,,,,,,,NoFile.zip
9468,,Mckesson,1401249144,9112119747,2196.4,8,241.4,2024-01-08,OSD,8,241.4,241.4,FEDEX CORP,0,0,0,0,0,No,Yes,No,,Invalid,,Valid,,Valid,,Valid,,Pending Validation,0,0,Customer sign is missing on POD,Data not available,Data not available,Data not available,Data not available,Data not available,Data not available,,,,,,,NoFile.zip
9469,,Mckesson,1600583871,9111669927,1836.8,20,91.84,2023-09-26,OSD,34,91.84,91.84,ESTES EXPRRESS LINES,0,0,0,0,0,Yes,Yes,No,,Invalid,,Valid,,Valid,,Valid,,Invalid,1836.8,0,POD does not support shortages,Data not available,Data not available,Data not available,Data not available,Data not available,Data not available,,,,,,,/media/billback_packages\billback_package_9111669927.zip
9470,,Mckesson,1600578516,9111550936,1710,3,778.5,2023-08-28,OSD,3,778.5,778.5,PITT OHIO EXPRESS,0,0,0,0,0,No,Yes,No,,Invalid,,Valid,,Valid,,Valid,,Pending Validation,0,0,Customer sign is missing on POD,Data not available,Data not available,Data not available,Data not available,Data not available,Data not available,,,,,,,NoFile.zip
9471,,Mckesson,1600578516,9111552911,1404,1,1404,2023-08-28,OSD,1,1404,1404,FED EX FREIGHT EAST,0,0,0,0,0,Yes,Yes,No,,Invalid,,Valid,,Valid,,Valid,,Invalid,1404,0,POD does not support shortages,Data not available,Data not available,Data not available,Data not available,Data not available,Data not available,,,,,,,/media/billback_packages\billback_package_9111552911.zip
9472,,Mckesson,1401249144,9112134365,1364,9,172.25,2024-01-08,OSD,19,172.25,172.25,FEDEX CORP,0,0,0,0,0,Yes,NO,No,,Invalid,,Valid,,Valid,,Valid,,Invalid,1364,0,POD does not support shortages,Data not available,Data not available,Data not available,Data not available,Data not available,Data not available,,,,,,,/media/billback_packages\billback_package_9112134365.zip
9473,,Mckesson,1401225687,9111889725,1344,4,336,2023-11-06,OSD,4,336,336,PITT OHIO EXPRESS,0,0,0,0,0,NO,NO,No,,Invalid,,Valid,,Valid,,Valid,,Invalid,1344,0,POD does not support shortages,Data not available,Data not available,Data not available,Data not available,Data not available,Data not available,,,,,,,/media/billback_packages\billback_package_9111889725.zip
9474,,Mckesson,1401211809,9111697408,1335.6,2,667.8,2023-10-03,OSD,18,667.8,667.8,PITT OHIO EXPRESS,0,0,0,0,0,No,Yes,No,,Invalid,,Valid,,Valid,,Valid,,Pending Validation,0,0,Customer sign is missing on POD,Data not available,Data not available,Data not available,Data not available,Data not available,Data not available,,,,,,,NoFile.zip
9475,,Mckesson,1401252825,9112165869,1288,8,161,2024-01-18,OSD,11,161,161,SCHAFFER,0,0,0,0,0,Yes,Yes,No,,Invalid,,Valid,,Valid,,Valid,,Invalid,1288,0,POD does not support shortages,Data not available,Data not available,Data not available,Data not available,Data not available,Data not available,,,,,,,/media/billback_packages\billback_package_9112165869.zip
9476,,Mckesson,1401247482,9111761743,1286.4,4,321.6,2023-12-28,OSD,4,321.6,321.6,PITT OHIO EXPRESS,0,0,0,0,0,No,Yes,No,,Invalid,,Valid,,Valid,,Valid,,Pending Validation,0,0,Customer sign is missing on POD,Data not available,Data not available,Data not available,Data not available,Data not available,Data not available,,,,,,,NoFile.zip
9477,,Mckesson,1401249144,9112119742,1193.8,8,131.9,2024-01-08,OSD,8,131.9,131.9,PITT OHIO EXPRESS,0,0,0,0,0,No,Yes,No,,Invalid,,Valid,,Valid,,Valid,,Pending Validation,0,0,Customer sign is missing on POD,Data not available,Data not available,Data not available,Data not available,Data not available,Data not available,,,,,,,NoFile.zip
9478,,Mckesson,1401203116,9111603562,1150,1,1150,2023-09-11,OSD,13,1150,1150,FEDEX CORP,0,0,0,0,0,No,Yes,No,,Invalid,,Valid,,Valid,,Valid,,Pending Validation,0,0,Customer sign is missing on POD,Data not available,Data not available,Data not available,Data not available,Data not available,Data not available,,,,,,,NoFile.zip
9479,,Mckesson,1600582537,9111648970,1150,1,1150,2023-09-19,OSD,2,1150,1150,SCHNEIDER NATIONAL,0,0,0,0,0,Yes,Yes,Yes,,Invalid,,Valid,,Valid,,Valid,,Pending Validation,0,0,POD is subject to count,Data not available,Data not available,Data not available,Data not available,Data not available,Data not available,,,,,,,NoFile.zip
9480,,Mckesson,1600591000,9111824795,1087.2,3,362.4,2023-11-13,OSD,3,362.4,362.4,FED EX FREIGHT EAST,0,0,0,0,0,No,Yes,No,,Invalid,,Valid,,Valid,,Valid,,Pending Validation,0,0,Customer sign is missing on POD,Data not available,Data not available,Data not available,Data not available,Data not available,Data not available,,,,,,,NoFile.zip
9481,,Fisher  ,1401187887,9111372483,2880,32,90,2023-08-04,OSD,32,90,90,CAROLINA TANK LINES,0,0,0,0,0,Yes,Yes,No,,Invalid,,Valid,,Valid,,Valid,,Invalid,2880,0,POD does not support shortages,Data not available,Data not available,Data not available,Data not available,Data not available,Data not available,,,,,,,/media/billback_packages\billback_package_9111372483.zip
9482,,Fisher  ,1401251025,9111996773,4150,79,58.33,2024-01-12,OSD,79,58.33,58.33,ESTES EXPRRESS LINES,0,0,0,0,0,No,No,No,,Invalid,,Valid,,Valid,,Valid,,Pending Validation,0,0,Customer sign is missing on POD,Data not available,Data not available,Data not available,Data not available,Data not available,Data not available,,,,,,,NoFile.zip
9483,,Mckesson,9111955082,9111955082,151358.2,159,1122.97,2024-01-10,OSD,159,1122.97,1122.97,FED EX FREIGHT EAST,0,0,0,0,0,Yes,Yes,Yes,,Invalid,,Valid,,Valid,,Valid,,Pending Validation,0,0,POD is subject to count,Data not available,Data not available,Data not available,Data not available,Data not available,Data not available,,,,,,,NoFile.zip
9484,,Mckesson,9111803969,9111803969,82080,288,285,2023-10-30,OSD,288,285,285,ESTES EXPRRESS LINES,0,0,0,0,0,Yes,Yes,No,,Invalid,,Valid,,Valid,,Valid,,Invalid,82080,0,POD does not support shortages,Data not available,Data not available,Data not available,Data not available,Data not available,Data not available,,,,,,,/media/billback_packages\billback_package_9111803969.zip
9485,,Mckesson,9112119739,9112119739,26600.72,128,213.65,2024-01-08,OSD,128,213.65,213.65,FEDEX CORP,0,0,0,0,0,No,Yes,No,,Invalid,,Valid,,Valid,,Valid,,Pending Validation,0,0,Customer sign is missing on POD,Data not available,Data not available,Data not available,Data not available,Data not available,Data not available,,,,,,,NoFile.zip
9486,,Mckesson,9111664662,9111664662,21979.16,93,430.17,2023-09-26,OSD,93,430.17,430.17,ABF FREIGHT SYSTEM INC,0,0,0,0,0,Yes,Yes,Yes,,Invalid,,Valid,,Valid,,Valid,,Pending Validation,0,0,POD is subject to count,Data not available,Data not available,Data not available,Data not available,Data not available,Data not available,,,,,,,NoFile.zip
9487,,Mckesson,9111905714,9111905714,19366.2,29,667.8,2023-11-24,OSD,34,667.8,667.8,AVERITT EXPRESS INC,0,0,0,0,0,No,Yes,No,,Invalid,,Valid,,Valid,,Valid,,Pending Validation,0,0,Customer sign is missing on POD,Data not available,Data not available,Data not available,Data not available,Data not available,Data not available,,,,,,,NoFile.zip
9488,,Mckesson,9111686677,9111686677,12020.4,19,667.8,2023-10-02,OSD,18,667.8,667.8,CAROLINA TANK LINES,0,0,0,0,0,Yes,Yes,Yes,,Invalid,,Valid,,Valid,,Valid,,Pending Validation,0,0,POD is subject to count,Data not available,Data not available,Data not available,Data not available,Data not available,Data not available,,,,,,,NoFile.zip
9489,,Mckesson,9111772241,9111772241,8505.6,40,212.64,2023-10-24,OSD,60,212.64,212.64,FEDEX CORP,0,0,0,0,0,Yes,Yes,No,,Invalid,,Valid,,Valid,,Valid,,Invalid,8505.6,0,POD does not support shortages,Data not available,Data not available,Data not available,Data not available,Data not available,Data not available,,,,,,,/media/billback_packages\billback_package_9111772241.zip
9490,,Mckesson,9112030133,9112030133,6270,22,285,2023-12-11,OSD,24,285,285,AVERITT EXPRESS INC,0,0,0,0,0,Yes,No,No,,Invalid,,Valid,,Valid,,Valid,,Pending Validation,0,0,Carrier sign is missing on POD,Data not available,Data not available,Data not available,Data not available,Data not available,Data not available,,,,,,,NoFile.zip
9491,,Mckesson,9111973459,9111973459,6249.6,24,260.4,2023-12-11,OSD,24,260.4,260.4,TOTAL QUALITY LOGISTICS LLC,0,0,0,0,0,Yes,Yes,No,,Invalid,,Valid,,Valid,,Valid,,Invalid,6249.6,0,POD does not support shortages,Data not available,Data not available,Data not available,Data not available,Data not available,Data not available,,,,,,,/media/billback_packages\billback_package_9111973459.zip
9492,,Fisher  ,9111785290,9111785290,1500,12,125,2023-11-28,OSD,13,125,125,AVERITT EXPRESS INC,0,0,0,0,0,Yes,No,No,,Invalid,,Valid,,Valid,,Valid,,Pending Validation,0,0,Carrier sign is missing on POD,Data not available,Data not available,Data not available,Data not available,Data not available,Data not available,,,,,,,NoFile.zip
9493,,Henry Schein,9110699459,9110699459,41040,144,285,2023-01-06,OSD,1152,285,285,ROADTEX TRANSPORTATION,0,0,0,0,0,Yes,No,No,,Invalid,,Valid,,Valid,,Valid,,Pending Validation,0,0,Carrier sign is missing on POD,Data not available,Data not available,Data not available,Data not available,Data not available,Data not available,,,,,,,NoFile.zip
9494,,Amerisource  ,9111936901,9111936901,6968.7,2,2581,2023-11-16,OSD,3,2581,2581,FEDEX CORP,0,0,0,0,0,No,No,No,,Invalid,,Valid,,Valid,,Valid,,Pending Validation,0,0,Customer sign is missing on POD,Data not available,Data not available,Data not available,Data not available,Data not available,Data not available,,,,,,,NoFile.zip
9495,,Cardinal,9109906873,9109906873,5832,9,648,2022-07-18,OSD,33,648,648,ESTES EXPRRESS LINES,0,0,0,0,0,No,Yes,No,,Invalid,,Valid,,Valid,,Valid,,Pending Validation,0,0,Customer sign is missing on POD,Data not available,Data not available,Data not available,Data not available,Data not available,Data not available,,,,,,,NoFile.zip
9496,,Amerisource  ,9111753286,9111753286,12669.04,29,498.68,2023-11-08,OSD,148,498.68,498.68,SCHNEIDER NATIONAL,0,0,0,0,0,Yes,Yes,No,,Invalid,,Valid,,Valid,,Valid,,Invalid,12669.04,0,POD does not support shortages,Data not available,Data not available,Data not available,Data not available,Data not available,Data not available,,,,,,,/media/billback_packages\billback_package_9111753286.zip
9497,,OWENS & MINOR INC,9110734812,9110734812,6194.7,45,197.85,2023-01-17,OSD,45,197.85,197.85,XPO Logistics LTL,0,0,0,0,0,No,Yes,No,,Invalid,,Valid,,Valid,,Valid,,Pending Validation,0,0,Customer sign is missing on POD,Data not available,Data not available,Data not available,Data not available,Data not available,Data not available,,,,,,,NoFile.zip
9498,,Owns & Minor,9112024495,9112024495,6560,64,102.5,2023-12-11,OSD,64,102.5,102.5,PANTHER II TRANSPORTATION INC,0,0,0,0,0,No,Yes,No,,Invalid,,Valid,,Valid,,Valid,,Pending Validation,0,0,Customer sign is missing on POD,Data not available,Data not available,Data not available,Data not available,Data not available,Data not available,,,,,,,NoFile.zip
9499,,Cardinal,9112025789,9112025789,1927.76,18,122.59,2023-12-26,OSD,18,122.59,122.59,UPS GROUND FREIGHT INC,0,0,0,0,0,Yes,Yes,No,,Invalid,,Valid,,Valid,,Valid,,Invalid,1927.76,0,POD does not support shortages,Data not available,Data not available,Data not available,Data not available,Data not available,Data not available,,,,,,,/media/billback_packages\billback_package_9112025789.zip
9500,,Mckesson,9110541475,9110541475,27730.08,126,220.08,2022-12-20,OSD,126,220.08,220.08,CAROLINA TANK LINES,0,0,0,0,0,Yes,Yes,No,,Invalid,,Valid,,Valid,,Valid,,Invalid,27730.08,0,POD does not support shortages,Data not available,Data not available,Data not available,Data not available,Data not available,Data not available,,,,,,,/media/billback_packages\billback_package_9110541475.zip
9501,,Amerisource  ,9111455579,9111455579,1782.8,4,445.7,2023-07-17,OSD,4,445.7,445.7,PITT OHIO EXPRESS,0,0,0,0,0,Yes,No,No,,Invalid,,Valid,,Valid,,Valid,,Pending Validation,0,0,Carrier sign is missing on POD,Data not available,Data not available,Data not available,Data not available,Data not available,Data not available,,,,,,,NoFile.zip
9502,,OWENS & MINOR INC,9110815043,9110815043,33180.34,126,241.08,2023-02-06,OSD,218,241.08,241.08,C H ROBINSON (LTL DRY),0,0,0,0,0,Yes,No,No,,Invalid,,Valid,,Valid,,Valid,,Pending Validation,0,0,Carrier sign is missing on POD,Data not available,Data not available,Data not available,Data not available,Data not available,Data not available,,,,,,,NoFile.zip
9503,,Amerisource  ,9111803776,9111803776,1545.6,6,257.6,2023-10-19,OSD,8,257.6,257.6,FEDEX CORP,0,0,0,0,0,No,No,No,,Invalid,,Valid,,Valid,,Valid,,Pending Validation,0,0,Customer sign is missing on POD,Data not available,Data not available,Data not available,Data not available,Data not available,Data not available,,,,,,,NoFile.zip
9504,,Owens & Minors,9110057732,9110057732,8397.45,51,174.64,2023-08-18,OSD,45,136.64,136.64,FEDEX CORP,0,0,0,0,0,Yes,No,No,,Valid,,Valid,,Valid,,Valid,,Pending Validation,0,0,Carrier sign is missing on POD,Data not available,Data not available,Data not available,Data not available,Data not available,Data not available,,,,,,,NoFile.zip
9505,,Amerisource  ,9110704654,9110704654,4861.44,24,202.56,2023-01-09,OSD,24,202.56,202.56,SCHNEIDER NATIONAL,0,0,0,0,0,Yes,Yes,No,,Invalid,,Valid,,Valid,,Valid,,Invalid,4861.44,0,POD does not support shortages,Data not available,Data not available,Data not available,Data not available,Data not available,Data not available,,,,,,,/media/billback_packages\billback_package_9110704654.zip
9506,,Cardinal,9111896038,9111896038,4346.34,7,598.14,2023-11-16,OSD,4,378.75,378.75,CARDINAL INTEGRATED,0,0,0,0,0,Yes,Yes,No,,Valid,,Valid,,Valid,,Valid,,Invalid,4346.34,0,POD does not support shortages,Data not available,Data not available,Data not available,Data not available,Data not available,Data not available,,,,,,,/media/billback_packages\billback_package_9111896038.zip
9507,,Fisher  ,9110624104,9110624104,4382.55,45,97.39,2022-12-21,OSD,45,97.39,97.39,"EPES TRANSPORT SYSTEM, INC",0,0,0,0,0,Yes,Yes,Yes,,Invalid,,Valid,,Valid,,Valid,,Pending Validation,0,0,POD is subject to count,Data not available,Data not available,Data not available,Data not available,Data not available,Data not available,,,,,,,NoFile.zip
9508,,Cardinal,9110759309,9110759309,41040,144,285,2023-04-03,OSD,288,285,285,EXPEDITORS INTERNATIONAL OF,0,0,0,0,0,Yes,Yes,No,,Invalid,,Valid,,Valid,,Valid,,Invalid,41040,0,POD does not support shortages,Data not available,Data not available,Data not available,Data not available,Data not available,Data not available,,,,,,,/media/billback_packages\billback_package_9110759309.zip
9509,,Fisher  ,9110482481,9110482481,8968.4,7,1281.2,2022-11-18,OSD,217,1281.2,1281.2,NFI INDUSTRIES,0,0,0,0,0,Yes,Yes,No,,Invalid,,Valid,,Valid,,Valid,,Invalid,8968.4,0,POD does not support shortages,Data not available,Data not available,Data not available,Data not available,Data not available,Data not available,,,,,,,/media/billback_packages\billback_package_9110482481.zip
9510,,Cardinal,9111763392,9111763392,14691.6,22,667.8,2023-10-17,OSD,0,0,0,,0,0,0,0,0,Yes,Yes,No,,Valid,,Valid,,Invalid,,SKU is not Invoiced,,Invalid,14691.6,0,Deducted SKU is not invoiced,Data not available,Data not available,Data not available,Data not available,Data not available,Data not available,,,,,,,/media/billback_packages\billback_package_9111763392.zip
9511,,Cardinal,9110914283,9110914283,32342.37,0,293.61,2023-03-15,OSD,71,293.61,293.61,PITT OHIO EXPRESS,0,0,0,0,0,Yes,Yes,No,,Invalid,,Valid,,Valid,,Valid,,Invalid,32342.37,0,POD does not support shortages,Data not available,Data not available,Data not available,Data not available,Data not available,Data not available,,,,,,,/media/billback_packages\billback_package_9110914283.zip
9512,,Cardinal,9110941132,9110941132,40027.97,219,227.46,2023-03-16,OSD,219,227.46,227.46,ABF FREIGHT SYSTEM INC,0,0,0,0,0,No,No,No,,Invalid,,Valid,,Valid,,Valid,,Pending Validation,0,0,Customer sign is missing on POD,Data not available,Data not available,Data not available,Data not available,Data not available,Data not available,,,,,,,NoFile.zip
9513,,Cardinal,9111616897,9111616897,44570.76,219,274.46,2023-09-07,OSD,219,274.46,274.46,ABF FREIGHT SYSTEM INC,0,0,0,0,0,No,No,No,,Invalid,,Valid,,Valid,,Valid,,Pending Validation,0,0,Customer sign is missing on POD,Data not available,Data not available,Data not available,Data not available,Data not available,Data not available,,,,,,,NoFile.zip
9514,,Owens & Minors,9111618049,9111618049,30067.77,96,331.04,2023-09-07,OSD,96,331.04,331.04,ABF FREIGHT SYSTEM INC,0,0,0,0,0,Yes,Yes,No,,Invalid,,Valid,,Valid,,Valid,,Invalid,30067.77,0,POD does not support shortages,Data not available,Data not available,Data not available,Data not available,Data not available,Data not available,,,,,,,/media/billback_packages\billback_package_9111618049.zip
9515,,Owens & Minors,9111743611,9111743611,32172,88,300,2023-10-12,OSD,88,300,300,PITT OHIO EXPRESS,0,0,0,0,0,Yes,Yes,Yes,,Invalid,,Valid,,Valid,,Valid,,Pending Validation,0,0,POD is subject to count,Data not available,Data not available,Data not available,Data not available,Data not available,Data not available,,,,,,,NoFile.zip
9516,,Owens & Minors,9111465279,9111465279,18356.75,88,339.12,2023-08-25,OSD,360,339.12,339.12,SCHNEIDER NATIONAL,0,0,0,0,0,Yes,Yes,No,,Invalid,,Valid,,Valid,,Valid,,Invalid,18356.75,0,POD does not support shortages,Data not available,Data not available,Data not available,Data not available,Data not available,Data not available,,,,,,,/media/billback_packages\billback_package_9111465279.zip
9517,,Amerisource  ,9110590584,9110590584,26409.6,120,220.08,2023-01-20,OSD,120,220.08,220.08,XPO LOGISTICS REFRIGERATED,0,0,0,0,0,Yes,Yes,No,,Invalid,,Valid,,Valid,,Valid,,Invalid,26409.6,0,POD does not support shortages,Data not available,Data not available,Data not available,Data not available,Data not available,Data not available,,,,,,,/media/billback_packages\billback_package_9110590584.zip
9518,,Cardinal,9111437671,9111437671,23847.09,107,222.87,2023-07-21,OSD,0,0,0,,0,0,0,0,0,Yes,Yes,No,,Valid,,Valid,,Invalid,,SKU is not Invoiced,,Invalid,23847.09,0,Deducted SKU is not invoiced,Data not available,Data not available,Data not available,Data not available,Data not available,Data not available,,,,,,,/media/billback_packages\billback_package_9111437671.zip
9519,,Cardinal,9111592577,9111592577,38946.49,181,257.23,2023-08-31,OSD,181,257.23,257.23,C H ROBINSON (LTL DRY),0,0,0,0,0,Yes,Yes,No,,Invalid,,Valid,,Valid,,Valid,,Invalid,38946.49,0,POD does not support shortages,Data not available,Data not available,Data not available,Data not available,Data not available,Data not available,,,,,,,/media/billback_packages\billback_package_9111592577.zip
9520,,Fisher  ,9110151120,9110151120,31350,110,285,2022-11-17,OSD,110,285,285,"EPES TRANSPORT SYSTEM, INC",0,0,0,0,0,Yes,Yes,Yes,,Invalid,,Valid,,Valid,,Valid,,Pending Validation,0,0,POD is subject to count,Data not available,Data not available,Data not available,Data not available,Data not available,Data not available,,,,,,,NoFile.zip
9521,,Owens & Minors,9111941598,9111941598,32454,27,1202,2023-11-20,OSD,36,1202,1202,FED EX FREIGHT EAST,0,27,0,0,27,Yes,Yes,No,,Valid,,Valid,,Valid,,Valid,,Valid,0,32454,Valid,Data not available,Data not available,Data not available,Data not available,Data not available,Data not available,,,,,,,NoFile.zip
9522,,Cardinal,9112010709,9112010709,42115.98,184,305.91,2023-12-14,OSD,184,305.91,305.91,ABF FREIGHT SYSTEM INC,0,0,0,0,0,No,Yes,No,,Invalid,,Valid,,Valid,,Valid,,Pending Validation,0,0,Customer sign is missing on POD,Data not available,Data not available,Data not available,Data not available,Data not available,Data not available,,,,,,,NoFile.zip
9523,,Medline,9110664465,9110664465,32160,240,134,2023-02-03,OSD,240,134,134,PITT OHIO EXPRESS,0,0,0,0,0,Yes,No,No,,Invalid,,Valid,,Valid,,Valid,,Pending Validation,0,0,Carrier sign is missing on POD,Data not available,Data not available,Data not available,Data not available,Data not available,Data not available,,,,,,,NoFile.zip
9524,,Mckesson,9111805675,9111805675,40826.88,192,212.64,2023-10-31,OSD,192,212.64,212.64,ESTES EXPRRESS LINES,0,0,0,0,0,No,Yes,No,,Invalid,,Valid,,Valid,,Valid,,Pending Validation,0,0,Customer sign is missing on POD,Data not available,Data not available,Data not available,Data not available,Data not available,Data not available,,,,,,,NoFile.zip
9525,,Cardinal,9111748990,9111748990,71820,252,285,2023-10-13,OSD,252,285,285,CARDINAL MEDICAL PRODUCTS,0,0,0,0,0,No,Yes,No,,Invalid,,Valid,,Valid,,Valid,,Pending Validation,0,0,Customer sign is missing on POD,Data not available,Data not available,Data not available,Data not available,Data not available,Data not available,,,,,,,NoFile.zip
9526,,Cardinal,9111417388,9111417388,43407.24,179,278.77,2023-07-14,OSD,179,278.77,278.77,FED EX FREIGHT EAST,0,0,0,0,0,No,No,No,,Invalid,,Valid,,Valid,,Valid,,Pending Validation,0,0,Customer sign is missing on POD,Data not available,Data not available,Data not available,Data not available,Data not available,Data not available,,,,,,,NoFile.zip
9527,,Cardinal,9111134819,9111134819,85059.43,245,336.26,2023-05-03,OSD,441,336.26,336.26,CARDINAL INTEGRATED LOGISTICS,0,0,0,0,0,Yes,Yes,No,,Invalid,,Valid,,Valid,,Valid,,Invalid,85059.43,0,POD does not support shortages,Data not available,Data not available,Data not available,Data not available,Data not available,Data not available,,,,,,,/media/billback_packages\billback_package_9111134819.zip
9528,,Cardinal,9110939339,9110939339,48591.8,440,189.33,2023-02-15,OSD,8,171.2,171.2,ABF FREIGHT SYSTEM INC,0,0,0,0,0,No,Yes,No,,Valid,,Valid,,Valid,,Valid,,Pending Validation,0,0,Customer sign is missing on POD,Data not available,Data not available,Data not available,Data not available,Data not available,Data not available,,,,,,,NoFile.zip
9529,,Owens & Minors,9111396099,9111396099,46704.85,185,295.84,2023-06-29,OSD,153,236.93,236.93,FED EX FREIGHT EAST,0,0,0,0,0,Yes,Yes,Yes,,Valid,,Valid,,Valid,,Valid,,Pending Validation,0,0,POD is subject to count,Data not available,Data not available,Data not available,Data not available,Data not available,Data not available,,,,,,,NoFile.zip
9530,,Cardinal,9111754021,9111754021,49368,132,374,2023-10-16,OSD,132,374,374,PITT OHIO EXPRESS,0,0,0,0,0,No,Yes,No,,Invalid,,Valid,,Valid,,Valid,,Pending Validation,0,0,Customer sign is missing on POD,Data not available,Data not available,Data not available,Data not available,Data not available,Data not available,,,,,,,NoFile.zip
9531,,Cardinal,9110711858,9110711858,51840,360,144,2023-01-18,OSD,360,144,144,XPO Logistics LTL,0,0,0,0,0,No,Yes,No,,Invalid,,Valid,,Valid,,Valid,,Pending Validation,0,0,Customer sign is missing on POD,Data not available,Data not available,Data not available,Data not available,Data not available,Data not available,,,,,,,NoFile.zip
9532,,Medline,9111668472,9111668472,57596,154,374,2023-10-18,OSD,154,374,374,ESTES EXPRRESS LINES,0,0,0,0,0,No,Yes,No,,Invalid,,Valid,,Valid,,Valid,,Pending Validation,0,0,Customer sign is missing on POD,Data not available,Data not available,Data not available,Data not available,Data not available,Data not available,,,,,,,NoFile.zip
9533,,Owens & Minors,9111655498,9111655498,32874.8,199,376.65,2023-09-11,OSD,199,376.65,376.65,PITT OHIO EXPRESS,0,0,0,0,0,No,No,No,,Invalid,,Valid,,Valid,,Valid,,Pending Validation,0,0,Customer sign is missing on POD,Data not available,Data not available,Data not available,Data not available,Data not available,Data not available,,,,,,,NoFile.zip
9534,,Cardinal,9111563547,9111563547,111878.31,413,296.93,2023-08-24,OSD,417,296.93,296.93,C H ROBINSON (LTL DRY),2,0,0,0,2,Yes,No,No,,Valid,,Valid,,Valid,,Valid,,Pending Validation,0,0,Carrier sign is missing on POD,Data not available,Data not available,Data not available,Data not available,Data not available,Data not available,,,,,,,NoFile.zip
9535,,Cardinal,9111100570,9111100570,110139.86,187,433.46,2023-04-27,OSD,278,433.46,433.46,FED EX FREIGHT EAST,0,0,0,0,0,Yes,Yes,Yes,,Invalid,,Valid,,Valid,,Valid,,Pending Validation,0,0,POD is subject to count,Data not available,Data not available,Data not available,Data not available,Data not available,Data not available,,,,,,,NoFile.zip
9536,,RGH,9111806620,9111806620,202176,312,648,2023-10-24,OSD,312,648,648,ESTES EXPRRESS LINES,0,0,0,0,0,Yes,Yes,No,,Invalid,,Valid,,Valid,,Valid,,Invalid,202176,0,POD does not support shortages,Data not available,Data not available,Data not available,Data not available,Data not available,Data not available,,,,,,,/media/billback_packages\billback_package_9111806620.zip
9537,,Cardinal,9111718678,9111718678,3494.7,11,317.7,2023-12-04,OSD,50,317.7,317.7, KINTETSU WORLD EXPRESS,0,0,0,0,0,Yes,Yes,No,,Invalid,,Valid,,Valid,,Valid,,Invalid,3494.7,0,POD does not support shortages,Data not available,Data not available,Data not available,Data not available,Data not available,Data not available,,,,,,,/media/billback_packages\billback_package_9111718678.zip
9538,,Cardinal,9111126445,9111126445,2618,7,374,2023-10-02,OSD,15,374,374, EXPEDITORS INTERNATIONAL OF,0,0,0,0,0,Yes,Yes,Yes,,Invalid,,Valid,,Valid,,Valid,,Pending Validation,0,0,POD is subject to count,Data not available,Data not available,Data not available,Data not available,Data not available,Data not available,,,,,,,NoFile.zip
9539,,Cardinal,9111636313,9111636313,1795.5,9,199.5,2023-09-18,OSD,0,0,0,,0,0,0,0,0,No,No,No,,Valid,,Valid,,Invalid,,SKU is not Invoiced,,Pending Validation,0,0,Customer sign is missing on POD,Data not available,Data not available,Data not available,Data not available,Data not available,Data not available,,,,,,,NoFile.zip
9540,,Fisher,9110019152,9110019152,1472.1,7,210.3,2022-09-15,OSD,7,210.3,210.3,CAROLINA TANK LINES,0,0,0,0,0,Yes,Yes,Yes,,Invalid,,Valid,,Valid,,Valid,,Pending Validation,0,0,POD is subject to count,Data not available,Data not available,Data not available,Data not available,Data not available,Data not available,,,,,,,NoFile.zip
9541,,Fisher,9110107045,9110107045,6500,50,130,2022-10-13,OSD,75,130,130, FEDEX CORP,0,0,0,0,0,No,No,No,,Invalid,,Valid,,Valid,,Valid,,Pending Validation,0,0,Customer sign is missing on POD,Data not available,Data not available,Data not available,Data not available,Data not available,Data not available,,,,,,,NoFile.zip
9542,,Fisher,9110168580,9110168580,15063,15,786.3,2022-12-01,OSD,74,786.3,786.3,CAROLINA TANK LINES,0,0,0,0,0,Yes,Yes,Yes,,Invalid,,Valid,,Valid,,Valid,,Pending Validation,663,0,POD is subject to count,Data not available,Data not available,Data not available,Data not available,Data not available,Data not available,,,,,,,NoFile.zip
9543,,Fisher,9111704909,9111704909,9145,147,65,2023-11-21,OSD,147,65,65, ESTES EXPRRESS LINES,0,0,0,0,0,Yes,Yes,Yes,,Invalid,,Valid,,Valid,,Valid,,Pending Validation,0,0,POD is subject to count,Data not available,Data not available,Data not available,Data not available,Data not available,Data not available,,,,,,,NoFile.zip
9544,,Fisher,9111785932,9111785932,1120.11,11,80.02,2023-11-28,OSD,11,80.02,80.02, CAROLINA TANK LINES,0,0,0,0,0,No,No,No,,Invalid,,Valid,,Valid,,Valid,,Pending Validation,0,0,Customer sign is missing on POD,Data not available,Data not available,Data not available,Data not available,Data not available,Data not available,,,,,,,NoFile.zip
9545,,Fisher,9112089807,9112089807,2226,12,185.5,2023-12-29,OSD,72,185.5,185.5, DAYBREAK EXPRESS INC,0,0,0,0,0,Yes,Yes,Yes,,Invalid,,Valid,,Valid,,Valid,,Pending Validation,0,0,POD is subject to count,Data not available,Data not available,Data not available,Data not available,Data not available,Data not available,,,,,,,NoFile.zip
9546,,Medline,9111551276,9111551276,1515,1,1515,2023-09-20,OSD,1,1515,1515, FEDEX CORP,0,0,0,0,0,No,No,No,,Invalid,,Valid,,Valid,,Valid,,Pending Validation,0,0,Customer sign is missing on POD,Data not available,Data not available,Data not available,Data not available,Data not available,Data not available,,,,,,,NoFile.zip
9547,,Medline,9111803151,9111803151,27270,18,1515,2023-11-29,OSD,0,0,0,,0,0,0,0,0,Yes,Yes,No,,Valid,,Valid,,Invalid,,SKU is not Invoiced,,Invalid,27270,0,Deducted SKU is not invoiced,Data not available,Data not available,Data not available,Data not available,Data not available,Data not available,,,,,,,/media/billback_packages\billback_package_9111803151.zip
9548,,Medline,9109931488,9109931488,45990,146,315,2022-08-19,OSD,146,315,315, C H ROBINSON (LTL DRY),0,0,0,0,0,Yes,No,No,,Invalid,,Valid,,Valid,,Valid,,Pending Validation,0,0,Carrier sign is missing on POD,Data not available,Data not available,Data not available,Data not available,Data not available,Data not available,,,,,,,NoFile.zip
9549,,Owens & Minors,9112060762,9112060762,1778,1,1778,2023-12-19,OSD,2,1778,1778, FEDEX CORP,0,0,0,0,0,Yes,No,No,,Invalid,,Valid,,Valid,,Valid,,Pending Validation,0,0,Carrier sign is missing on POD,Data not available,Data not available,Data not available,Data not available,Data not available,Data not available,,,,,,,NoFile.zip
9550,,Owens & Minors,9112078863,9112078863,1080,6,180,2023-12-26,OSD,6,180,180, NATIONAL FREIGHT INC,0,0,0,0,0,Yes,Yes,No,,Invalid,,Valid,,Valid,,Valid,,Invalid,1080,0,POD does not support shortages,Data not available,Data not available,Data not available,Data not available,Data not available,Data not available,,,,,,,/media/billback_packages\billback_package_9112078863.zip
9551,,Walmart   ,9110703632,9110703632,449410.23,2122,301.22,2023-01-25,OSD,5488,301.22,301.22,CAROLINA TANK LINES,0,0,0,0,0,Yes,Yes,No,,Invalid,,Valid,,Valid,,Valid,,Invalid,898820.46,0,POD does not support shortages,Data not available,Data not available,Data not available,Data not available,Data not available,Data not available,,,,,,,/media/billback_packages\billback_package_9110703632.zip
9552,,Walmart   ,9110851313,9110851313,3064.8,28,498.5,2023-03-09,OSD,210,498.48,498.48,RXO INC,0,0,0,0,0,Yes,Yes,No,,Invalid,,Valid,,Valid,,Valid,,Invalid,6129.6,0,POD does not support shortages,Data not available,Data not available,Data not available,Data not available,Data not available,Data not available,,,,,,,/media/billback_packages\billback_package_9110851313.zip
9553,,Walmart   ,9111394367,9111394367,2637.6,280,18.84,2023-07-18,OSD,280,18.84,18.84,FED EX FREIGHT EAST,0,0,0,0,0,No,Yes,No,,Invalid,,Valid,,Valid,,Valid,,Pending Validation,0,0,Customer sign is missing on POD,Data not available,Data not available,Data not available,Data not available,Data not available,Data not available,,,,,,,NoFile.zip
9554,,Walmart   ,9111095924,9111095924,1884,200,18.84,2023-05-12,OSD,200,18.84,18.84,FED EX FREIGHT EAST,0,0,0,0,0,No,No,No,,Invalid,,Valid,,Valid,,Valid,,Pending Validation,0,0,Customer sign is missing on POD,Data not available,Data not available,Data not available,Data not available,Data not available,Data not available,,,,,,,NoFile.zip
9555,,Walmart   ,9111263993,9111263993,7180.38,32,340.47,2023-08-23,OSD,32,340.47,340.47,PITT OHIO EXPRESS,0,0,0,0,0,Yes,Yes,No,,Invalid,,Valid,,Valid,,Valid,,Invalid,14360.76,0,POD does not support shortages,Data not available,Data not available,Data not available,Data not available,Data not available,Data not available,,,,,,,/media/billback_packages\billback_package_9111263993.zip
9556,,RGH ENTERPRISES INC,9111201402,9111201402,195910.54,95,2062.22,2023-05-15,OSD,800,257.6,257.6,FED EX FREIGHT EAST,0,0,0,0,0,Yes,Yes,Yes,,Invalid,,Valid,,Valid,,Valid,,Pending Validation,0,0,POD is subject to count,Data not available,Data not available,Data not available,Data not available,Data not available,Data not available,,,,,,,NoFile.zip
9557,,Fisher  ,1401151953,9111026403,132840,738,180,2023-05-08,OSD,738,180,180,ESTES EXPRRESS LINES,0,0,0,0,0,Yes,Yes,No,,Invalid,,Valid,,Valid,,Valid,,Invalid,132840,0,POD does not support shortages,Data not available,Data not available,Data not available,Data not available,Data not available,Data not available,,,,,,,/media/billback_packages\billback_package_9111026403.zip
9558,,WALMART STORES INC,9110809243,9110809243,78775,100,787.75,2023-02-21,OSD,100,787.75,787.75,XPO LOGISTICS TRUCKLOAD INC,0,0,0,0,0,Yes,Yes,No,,Invalid,,Valid,,Valid,,Valid,,Invalid,78775,0,POD does not support shortages,Data not available,Data not available,Data not available,Data not available,Data not available,Data not available,,,,,,,/media/billback_packages\billback_package_9110809243.zip
9559,,Fisher  ,9110909529,9110909529,40500,300,135,2023-04-13,OSD,500,135,135,XPO Logistics LTL,0,0,0,0,0,Yes,Yes,No,,Invalid,,Valid,,Valid,,Valid,,Invalid,40500,0,POD does not support shortages,Data not available,Data not available,Data not available,Data not available,Data not available,Data not available,,,,,,,/media/billback_packages\billback_package_9110909529.zip
9560,,Fisher  ,1401160835,9111111687,31000,155,200,2023-05-30,OSD,155,200,200,FED EX FREIGHT EAST,0,0,0,0,0,Yes,Yes,Yes,,Invalid,,Valid,,Valid,,Valid,,Pending Validation,0,0,POD is subject to count,Data not available,Data not available,Data not available,Data not available,Data not available,Data not available,,,,,,,NoFile.zip
9561,,Mckesson,1401105204,9110679071,22680,36,630,2023-01-17,OSD,37,630,630,XPO Logistics LTL,0,0,0,0,0,Yes,Yes,No,,Invalid,,Valid,,Valid,,Valid,,Invalid,22680,0,POD does not support shortages,Data not available,Data not available,Data not available,Data not available,Data not available,Data not available,,,,,,,/media/billback_packages\billback_package_9110679071.zip
9562,,Mckesson,1401106812,9110703566,20970.62,37,287.46,2023-01-20,OSD,47,287.46,287.46,XPO Logistics LTL,0,0,0,0,0,Yes,Yes,No,,Invalid,,Valid,,Valid,,Valid,,Invalid,20970.62,0,POD does not support shortages,Data not available,Data not available,Data not available,Data not available,Data not available,Data not available,,,,,,,/media/billback_packages\billback_package_9110703566.zip
9563,,Mckesson,1401126127,9110886675,13133.72,140,93.96,2023-03-07,OSD,140,93.96,93.96,ESTES EXPRRESS LINES,0,0,0,0,0,Yes,Yes,No,,Invalid,,Valid,,Valid,,Valid,,Invalid,13133.72,0,POD does not support shortages,Data not available,Data not available,Data not available,Data not available,Data not available,Data not available,,,,,,,/media/billback_packages\billback_package_9110886675.zip
9564,,Mckesson,1401177865,9111389448,12827.24,25,426.06,2023-07-11,OSD,46,426.06,426.06,ESTES EXPRRESS LINES,0,0,0,0,0,Yes,Yes,Yes,,Invalid,,Valid,,Valid,,Valid,,Pending Validation,12159.44,0,POD is subject to count,Data not available,Data not available,Data not available,Data not available,Data not available,Data not available,,,,,,,NoFile.zip
9565,,Mckesson,1401125795,9110883808,11420.5,29,367.15,2023-03-07,OSD,29,367.15,367.15,ABF FREIGHT SYSTEM INC,0,0,0,0,0,Yes,Yes,No,,Invalid,,Valid,,Valid,,Valid,,Invalid,11420.5,0,POD does not support shortages,Data not available,Data not available,Data not available,Data not available,Data not available,Data not available,,,,,,,/media/billback_packages\billback_package_9110883808.zip
9566,,Fisher  ,9110881402,9110881402,7546.94,26,290.27,2023-03-31,OSD,160,284.04,284.04,PANTHER II TRANSPORTATION INC,0,0,0,0,0,Yes,Yes,No,,Invalid,,Valid,,Valid,,Valid,,Invalid,7546.94,0,POD does not support shortages,Data not available,Data not available,Data not available,Data not available,Data not available,Data not available,,,,,,,/media/billback_packages\billback_package_9110881402.zip
9567,,Amerisource,1401123483,9110887470,7526.44,35,215.04,2023-03-02,OSD,36,212.64,212.64,CAROLINA TANK LINES,0,0,0,0,0,Yes,Yes,No,,Invalid,,Valid,,Valid,,Valid,,Invalid,7526.44,0,POD does not support shortages,Data not available,Data not available,Data not available,Data not available,Data not available,Data not available,,,,,,,/media/billback_packages\billback_package_9110887470.zip
9568,,Mckesson,1401106812,9110703938,6991.6,42,220.37,2023-01-20,OSD,109,220.37,220.37,NATIONAL FREIGHT INC,0,0,0,0,0,Yes,Yes,No,,Invalid,,Valid,,Valid,,Valid,,Invalid,6991.6,0,POD does not support shortages,Data not available,Data not available,Data not available,Data not available,Data not available,Data not available,,,,,,,/media/billback_packages\billback_package_9110703938.zip
9569,,Mckesson,1600536780,9110503853,6852.24,35,195.78,2023-04-04,OSD,35,220.08,220.08,AVERITT EXPRESS INC,0,0,0,0,0,Yes,Yes,No,,Invalid,,Valid,,Valid,,Valid,,Invalid,6852.24,0,POD does not support shortages,Data not available,Data not available,Data not available,Data not available,Data not available,Data not available,,,,,,,/media/billback_packages\billback_package_9110503853.zip
9570,,Mckesson,1401168376,9111298497,6678,10,667.8,2023-06-16,OSD,2,184.33,184.33,CAROLINA TANK LINES,0,0,0,0,0,Yes,Yes,No,,Invalid,,Valid,,Valid,,Valid,,Invalid,6678,0,POD does not support shortages,Data not available,Data not available,Data not available,Data not available,Data not available,Data not available,,,,,,,/media/billback_packages\billback_package_9111298497.zip
9571,,Mckesson,1401128808,9110914265,5528.64,26,212.64,2023-03-14,OSD,83,212.64,212.64,ROADTEX TRANSPORTATION,0,0,0,0,0,Yes,Yes,Yes,,Invalid,,Valid,,Valid,,Valid,,Pending Validation,0,0,POD is subject to count,Data not available,Data not available,Data not available,Data not available,Data not available,Data not available,,,,,,,NoFile.zip
9572,,Fisher  ,9110851772,9110851772,5400,30,180,2023-04-13,OSD,800,180,180,ESTES EXPRRESS LINES,0,0,0,0,0,Yes,Yes,No,,Invalid,,Valid,,Valid,,Valid,,Invalid,5400,0,POD does not support shortages,Data not available,Data not available,Data not available,Data not available,Data not available,Data not available,,,,,,,/media/billback_packages\billback_package_9110851772.zip
9573,,Mckesson,1401115476,9110770749,5040,8,630,2023-02-10,OSD,15,630,630,ESTES EXPRRESS LINES,0,0,0,0,0,Yes,Yes,Yes,,Invalid,,Valid,,Valid,,Valid,,Pending Validation,0,0,POD is subject to count,Data not available,Data not available,Data not available,Data not available,Data not available,Data not available,,,,,,,NoFile.zip
9574,,Mckesson,1401162833,9111236567,4410,7,630,2023-06-02,OSD,9,630,630,ESTES EXPRRESS LINES,0,0,0,0,0,Yes,Yes,No,,Invalid,,Valid,,Valid,,Valid,,Invalid,4410,0,POD does not support shortages,Data not available,Data not available,Data not available,Data not available,Data not available,Data not available,,,,,,,/media/billback_packages\billback_package_9111236567.zip
9575,,Fisher  ,9111014984,9111014984,4201.2,0,0,2023-04-04,OSD,0,0,0,,0,0,0,0,0,Yes,Yes,No,,Valid,,Valid,,Invalid,,SKU is not Invoiced,,Invalid,4201.2,0,Deducted SKU is not invoiced,Data not available,Data not available,Data not available,Data not available,Data not available,Data not available,,,,,,,/media/billback_packages\billback_package_9111014984.zip
9576,,HENRY SCHEIN INC,1401167927,9111315350,4114,11,374,2023-06-15,OSD,12,374,374,CAROLINA TANK LINES,0,0,0,0,0,Yes,Yes,Yes,,Invalid,,Valid,,Valid,,Valid,,Pending Validation,0,0,POD is subject to count,Data not available,Data not available,Data not available,Data not available,Data not available,Data not available,,,,,,,NoFile.zip
9577,,Fisher  ,1401178290,9110809499,3440,43,80,2023-07-12,OSD,240,80,80,CAROLINA TANK LINES,0,0,0,0,0,Yes,Yes,Yes,,Invalid,,Valid,,Valid,,Valid,,Pending Validation,0,0,POD is subject to count,Data not available,Data not available,Data not available,Data not available,Data not available,Data not available,,,,,,,NoFile.zip
9578,,Fisher  ,9111172826,9111172826,3360.75,15,224.05,2023-07-18,OSD,37,224.05,224.05,CAROLINA TANK LINES,0,0,0,0,0,Yes,Yes,Yes,,Invalid,,Valid,,Valid,,Valid,,Pending Validation,0,0,POD is subject to count,Data not available,Data not available,Data not available,Data not available,Data not available,Data not available,,,,,,,NoFile.zip
9579,,Mckesson,1401172117,9111332117,3339,5,667.8,2023-06-26,OSD,18,667.8,667.8,FED EX FREIGHT EAST,0,0,0,0,0,Yes,Yes,Yes,,Invalid,,Valid,,Valid,,Valid,,Pending Validation,0,0,POD is subject to count,Data not available,Data not available,Data not available,Data not available,Data not available,Data not available,,,,,,,NoFile.zip
9580,,Fisher  ,9110006336,9110006336,3297.6,50,65.95,2023-07-07,OSD,50,68.7,68.7,"EPES TRANSPORT SYSTEM, INC",0,0,0,0,0,Yes,Yes,No,,Invalid,,Valid,,Valid,,Valid,,Invalid,3297.6,0,POD does not support shortages,Data not available,Data not available,Data not available,Data not available,Data not available,Data not available,,,,,,,/media/billback_packages\billback_package_9110006336.zip
9581,,HENRY SCHEIN INC,1401166579,9111315345,2992,8,374,2023-06-12,OSD,12,374,374,CAROLINA TANK LINES,0,0,0,0,0,Yes,Yes,No,,Invalid,,Valid,,Valid,,Valid,,Invalid,2992,0,POD does not support shortages,Data not available,Data not available,Data not available,Data not available,Data not available,Data not available,,,,,,,/media/billback_packages\billback_package_9111315345.zip
9582,,Fisher  ,9111160990,9111160990,2882.25,9,320.25,2023-06-20,OSD,32,320.25,320.25,AVERITT EXPRESS INC,0,0,0,0,0,No,Yes,No,,Invalid,,Valid,,Valid,,Valid,,Pending Validation,0,0,Customer sign is missing on POD,Data not available,Data not available,Data not available,Data not available,Data not available,Data not available,,,,,,,NoFile.zip
9583,,Fisher  ,9111160991,9111160991,2160,24,90,2023-06-20,OSD,48,90,90,AVERITT EXPRESS INC,0,0,0,0,0,Yes,Yes,No,,Invalid,,Valid,,Valid,,Valid,,Invalid,2160,0,POD does not support shortages,Data not available,Data not available,Data not available,Data not available,Data not available,Data not available,,,,,,,/media/billback_packages\billback_package_9111160991.zip
9584,,Amerisource,1401175701,9111023922,2038.41,47,43.37,2023-07-06,OSD,156,212.64,212.64,SCHAFFER,0,0,0,0,0,Yes,Yes,Yes,,Invalid,,Valid,,Valid,,Valid,,Pending Validation,0,0,POD is subject to count,Data not available,Data not available,Data not available,Data not available,Data not available,Data not available,,,,,,,NoFile.zip
9585,,Mckesson,1400116214,9100599621,11147.98,60,185.8,2023-02-24,OSD,60,185.8,185.8,ATS HEALTHCARE,0,0,0,0,0,Yes,Yes,No,,Invalid,,Valid,,Valid,,Valid,,Invalid,11147.97,0,POD does not support shortages,Data not available,Data not available,Data not available,Data not available,Data not available,Data not available,,,,,,,/media/billback_packages\billback_package_9100599621.zip
9586,,Cardinal,9112040261,9112040261,3238.18,11,285,2023-12-13,OSD,16,285,285,FEDEX CORP,0,0,0,0,0,No,No,No,,Invalid,,Valid,,Valid,,Valid,,Pending Validation,0,0,Customer sign is missing on POD,Data not available,Data not available,Data not available,Data not available,Data not available,Data not available,,,,,,,NoFile.zip
9587,,Mckesson,1400114966,9100591429,10895.22,438,24.87,2023-01-27,OSD,438,24.87,24.87,ATS HEALTHCARE,0,0,0,0,0,Yes,Yes,No,,Invalid,,Valid,,Valid,,Valid,,Invalid,10895.03,0,POD does not support shortages,Data not available,Data not available,Data not available,Data not available,Data not available,Data not available,,,,,,,/media/billback_packages\billback_package_9100591429.zip
9588,,Mckesson,1401106812,9111356717,19168.83,53,314.21,2023-07-05,OSD,53,314.24,314.24,ESTES EXPRRESS LINES,0,0,0,0,0,Yes,Yes,No,,Invalid,,Valid,,Valid,,Valid,,Invalid,19166.85,0,POD does not support shortages,Data not available,Data not available,Data not available,Data not available,Data not available,Data not available,,,,,,,/media/billback_packages\billback_package_9111356717.zip
9589,,Medline,9110112127,9110112127,2099,12,170.4,2022-09-16,OSD,12,170.4,170.4, AVERITT EXPRESS INC,0,0,0,0,0,Yes,No,No,,Invalid,,Valid,,Valid,,Valid,,Pending Validation,0,0,Carrier sign is missing on POD,Data not available,Data not available,Data not available,Data not available,Data not available,Data not available,,,,,,,NoFile.zip
9590,,Mckesson,1600035506,9100597728,1348.2,6,214,2023-02-03,OSD,6,224.7,224.7,ATS HEALTHCARE,0,0,0,0,0,No,NO,No,,Invalid,,Valid,,Valid,,Valid,,Pending Validation,0,0,Customer sign is missing on POD,Data not available,Data not available,Data not available,Data not available,Data not available,Data not available,,,,,,,NoFile.zip
9591,,Cardinal,9111933480,9111933480,1667.2,13,116,2023-12-01,OSD,13,116,116,FED EX FREIGHT EAST,0,0,0,0,0,Yes,Yes,No,,Invalid,,Valid,,Valid,,Valid,,Invalid,1508,0,POD does not support shortages,Data not available,Data not available,Data not available,Data not available,Data not available,Data not available,,,,,,,/media/billback_packages\billback_package_9111933480.zip
9592,,Amerisource,1401145998,9111106570,19890.14,31,595,2023-04-24,OSD,0,0,0,,0,0,0,0,0,Yes,Yes,No,,Valid,,Valid,,Invalid,,SKU is not Invoiced,,Invalid,18445,0,Deducted SKU is not invoiced,Data not available,Data not available,Data not available,Data not available,Data not available,Data not available,,,,,,,/media/billback_packages\billback_package_9111106570.zip
9593,,Fisher  ,1401187991,9111512411,3049.83,60,55.64,2023-10-03,OSD,15,222.56,222.56,PANTHER II TRANSPORTATION INC,0,0,0,0,0,Yes,Yes,No,,Invalid,,Valid,,Valid,,Valid,,Invalid,3338.4,0,POD does not support shortages,Data not available,Data not available,Data not available,Data not available,Data not available,Data not available,,,,,,,/media/billback_packages\billback_package_9111512411.zip
